ctime,country,city,postcode,dnsnames,ipadd,port,abusect,orgname,bgp_prefix,asncode,asnname,self_ca,tls_serial,tls_issuerdn,phishcheck1,phishcheck2,phishcheck3,phishcheck4,phishcheck5,phishcheck6,phishcheck7,phishcheck8,phishcheck9,other_names
03:01:2026 18:04:35,NL,Amsterdam,1012, ,202.133.89.31,8080,report@deployish.com,"Deployish Limited", 202.133.89.0/24,  212552, BITCOMMAND,  true, 81882722180280652582094589689558693548, CN=NJ2-250755-F,false, true, false, false, true, true, true, true, false, Deployish Limited,BITCOMMAND
03:01:2026 18:11:12,US,Ashburn,20147,rvr_d  c2-98-88-248-203.coput-1.zow.co,98.88.248.203,80,trustandsafety@support.aws.com,"Amazon Data Services Northern Virginia", 98.88.0.0/13,  14618, AMAZON-AES,  false, 524267901569230836852511955301736371157325, C=US_ O=Let's Encrypt_ CN=R13,false, true, false, true, true, true, true, false, false, Amazon Data Services Northern Virginia,AMAZON-AES,CLOUDFLARENET
03:01:2026 18:24:15,JP,Tokyo,101-8656,DNS not found,57.181.129.174,443,trustandsafety@support.aws.com,"Amazon Data Services Japan", 57.180.0.0/14,  16509, AMAZON-02,  false, 571126310485866418388765024876910624422650, C=US_ O=Let's Encrypt_ CN=E8,false, true, true, true, false, true, true, false, false, gmail-tracker.net,Amazon Data Services Japan,AMAZON-02
03:01:2026 18:25:56,US,Dallas,75201,rvr_d  172-245-210-178-hot.colocroig.co,172.245.210.178,80,reportabuse@racknerd.com,"RackNerd LLC", 172.245.210.0/24,  36352, AS-COLOCROSSING,  false, 184757035523286591866847932481661781262, C=US_ O=Google Trust Services_ CN=WE1,false, true, false, false, false, false, false, false, false, RackNerd LLC,AS-COLOCROSSING,Cloudflare, Inc.
03:01:2026 18:28:50,US,Hillsboro,97124,rvr_d  105789.ip-147-135-46.u,147.135.46.43,8000,abuse@ovh.us,"OVH US LLC", 147.135.0.0/17,  16276, OVH,  false, 166341083212571188981709539742660286012527564947, CN=docker:dind CA,false, true, false, false, false, true, true, false, false, OVH US LLC,OVH,GOOGLE-CLOUD-PLATFORM
03:01:2026 18:33:10,US,Edison,08899, ,83.147.53.72,8080,report@abuseradar.com,"Virtuo Holdings Inc.", 83.147.52.0/22,  399486, VIRTUO,  true, 165502844060527195875251157535265593504, CN=WIN-BUNS25TD77J,false, true, false, false, false, true, true, false, false, VIRTUO,Virtuo Holdings Inc.,Google LLC
03:01:2026 18:34:17,SE,Stockholm,195 87, ,51.20.128.234,80,trustandsafety@support.aws.com,"A100 ROW Inc", 51.20.0.0/16,  16509, AMAZON-02,  false, 34886608814372581142930996143, C=BE_ O=GlobalSign nv-sa_ CN=GlobalSign GCC R3 DV TLS CA 2020,false, true, false, false, false, true, true, false, false, AMAZON-02,A100 ROW Inc,CLOUDFLARENET
03:01:2026 18:36:09,CA,Toronto,M5A, ,159.203.58.105,8000,abuse@digitalocean.com,"DigitalOcean_ LLC", 159.203.56.0/21,  14061, DIGITALOCEAN-ASN,  true, 1, CN=cloudjet.uk,false, true, false, false, false, true, true, false, false, DigitalOcean, LLC,DIGITALOCEAN-ASN,Vercel, Inc
03:01:2026 18:41:33,VN,Ho Chi Minh City,71606,rvr_d  ttic.ccti.v,203.205.31.120,80,,Org not found, 203.205.31.0/24,  45903, CMCTELECOM-VN CMC Telecom Infrastructure Company,  false, 532249353613891323118230863540370752290296, C=US_ O=Let's Encrypt_ CN=E7,false, true, false, false, false, false, false, false, false, CMCTELECOM-VN CMC Telecom Infrastructure Company,Hostinger International Limited,Google LLC
03:01:2026 18:47:08,US,Kansas City,64106, ,142.248.80.64,3000,,Org not found, 142.248.80.0/24,  22295, ADVIN,  true, 83249306517074948954577897322879343686, CN=ip-142-248-80-6,false, true, false, false, false, true, true, false, false, ADVIN,Cloudflare, Inc.,CLOUDFLARENET
03:01:2026 18:52:49,GB,London,E1W, ,138.68.173.124,80,abuse@digitalocean.com,"DigitalOcean_ LLC", 138.68.160.0/20,  14061, DIGITALOCEAN-ASN,  true, 168893454439916298343337561810840288866002149360, CN=ubuntu--24-london,false, true, false, true, false, true, true, false, false, DIGITALOCEAN-ASN,DigitalOcean, LLC,FASTLY
03:01:2026 18:53:13,US,Los Angeles,90012, xdvi-wfu.b, ujo-xpb.b, wubi-vgo.b, ttool.oli, x---g1.co, cofi-bokuz.b, yuub-ijp.b, vijuf-toyili.b, koyobu-picuj.b, www.x---g1.co, xgdo-tuo.b, xodo-xio.b, kguo-dizo.b, rroy-lu.b, yibogo-yigibo.b, dtopo-kidw.b, tiwiho-fjo.b, fiidi-tobuxu.b, proc-zitg.b, hfh-hwil.b, ovz-uit.b, truf-txbo.b, rtuwi-fkih.b,203.161.41.70,5000,abuse@namecheaphosting.com,"Namecheap_ Inc.", 203.161.41.0/24,  22612, NAMECHEAP-NET,  false, 1776771769656833146023045483792975429, C=US_ O=DigiCert Inc_ CN=DigiCert SHA2 Secure Server CA,false, true, false, false, false, true, true, false, false, Namecheap, Inc.,NAMECHEAP-NET,www.attager.com
03:01:2026 19:12:31,FR,Lauterbourg,67630,DNS not found,38.242.218.175,443,abuse@cogentco.com,"Cogent Communications_ LLC", 38.242.192.0/19,  51167, CONTABO,  false, 455528047882192532570779708821180234271713, C=US_ O=Let's Encrypt_ CN=E7,false, true, false, false, false, true, true, false, false, gcmh.cmhwarmup.com,Cogent Communications, LLC,CONTABO
03:01:2026 19:14:18,SG,Singapore,018989,rvr_d  c-119-13-111-167.coput.hwcloud-d.co,119.13.111.167,5001,,Org not found, 119.13.96.0/20,  136907, HWCLOUDS-AS-AP HUAWEI CLOUDS,  false, 897791057, C=CA_ O=\u5b9d\u5854\u9762\u677f_ CN=\u5b9d\u5854\u9762\u677f,false, true, false, false, false, false, false, false, false, HWCLOUDS-AS-AP HUAWEI CLOUDS,CLOUDFLARENET,Cloudflare, Inc.
